Date,Actual,Predicted,Confidence,Lower,Upper,Explanation
2015-12-16,0.38,0.5,80,0.20000000000000007,0.7999999999999999,"Based on recent economic data, the Fed is likely to raise rates from near-zero for the first time since 2008. Unemployment is low at 5%, inflation is below 2% target but rising, and GDP growth is moderate. A small 0.25% increase seems probable to begin gradual normalization while monitoring economic impacts."
2016-01-01,0.38,0.5,80,0.20000000000000007,0.7999999999999999,"Based on the data, economic indicators suggest a continued but gradual recovery. Unemployment is declining, GDP growth is modest, and inflation remains below target. The Fed will likely maintain its current accommodative stance, keeping rates at the 0.25-0.50% range set in December 2015."
2016-02-01,0.38,0.5,90,0.35000000000000003,0.6499999999999999,"Based on recent economic data, the Fed is likely to maintain the current 0.25-0.50% target range. Unemployment is low at 4.8%, inflation remains below 2% target, and GDP growth is moderate. While some indicators show improvement, global economic uncertainties persist, suggesting a cautious approach to rate increases."
2016-03-01,0.38,0.5,80,0.20000000000000007,0.7999999999999999,"Based on recent economic data, the Fed is likely to maintain the current 0.25-0.50% target range. Unemployment is low at 4.9%, but inflation remains below the 2% target. GDP growth is modest, and global economic uncertainties persist. The Fed will likely wait for clearer signs of sustained economic improvement before raising rates further."
2016-04-01,0.38,0.5,80,0.20000000000000007,0.7999999999999999,"Based on the data, economic indicators are mixed but generally stable. Unemployment is low at 5%, inflation remains below the 2% target, and GDP growth is modest. The Fed is likely to maintain its current cautious stance and keep rates unchanged at 0.25-0.50% to support continued economic growth while monitoring inflation."
2016-05-01,0.38,0.5,80,0.20000000000000007,0.7999999999999999,"Based on recent economic data, the Fed is likely to maintain the current 0.25-0.50% target range. Unemployment remains low at 5.1%, inflation is subdued, and GDP growth is moderate. While some indicators show improvement, overall conditions don't warrant a rate hike yet. The Fed will likely remain cautious given global economic uncertainties."
2016-06-01,0.38,0.5,80,0.20000000000000007,0.7999999999999999,"Based on the data, economic indicators are mixed but generally stable. Unemployment is low at 4.8%, inflation remains below the 2% target, and GDP growth is modest. The Fed is likely to maintain the current rate to support continued economic growth while monitoring inflation closely."
2016-07-01,0.38,0.5,80,0.20000000000000007,0.7999999999999999,"Based on the data, economic indicators are mixed but generally stable. Unemployment is low at 4.9%, inflation remains below the 2% target, and GDP growth is modest. The Fed is likely to maintain the current rate to support continued growth while monitoring inflation closely."
2016-08-01,0.38,0.5,80,0.20000000000000007,0.7999999999999999,"Based on the data, economic indicators are mixed but generally stable. Unemployment remains low at 4.8%, inflation is moderate, and GDP growth is positive but modest. The Fed is likely to maintain its current cautious stance and keep rates unchanged at 0.25-0.50% to support continued economic growth while monitoring inflation."
2016-09-01,0.38,0.5,80,0.20000000000000007,0.7999999999999999,"Based on the data, the economy shows moderate growth with low inflation. Unemployment is stable around 4.9%, GDP growth is positive but modest, and inflation indicators are below the 2% target. The Fed is likely to maintain its cautious stance and keep rates unchanged at 0.25-0.50% to support continued economic expansion."
2016-10-01,0.38,0.5,80,0.20000000000000007,0.7999999999999999,Economic data shows moderate growth with low inflation. Unemployment remains low at 5%. GDP growth is positive but modest. Inflation expectations are anchored around 2.5%. The Fed is likely to maintain its cautious stance and keep rates unchanged at 0.25-0.50% to support continued economic expansion.
2016-11-01,0.38,0.5,80,0.20000000000000007,0.7999999999999999,"Based on the data, economic indicators are mixed but generally stable. Unemployment is low at 4.9%, inflation is moderate, and GDP growth is positive but slow. The Fed is likely to maintain its cautious approach and keep rates unchanged at 0.25-0.50% to support continued economic growth while monitoring inflation."
2016-12-01,0.38,0.5,80,0.20000000000000007,0.7999999999999999,"Based on the data, economic indicators are mixed but generally stable. Unemployment is low at 4.7%, inflation measures are moderate, and GDP growth is positive but modest. The Fed is likely to maintain its cautious approach, keeping rates unchanged at 0.50% to support continued economic growth while monitoring inflation."
2017-01-01,0.63,0.75,80,0.45000000000000007,1.0499999999999998,"Based on improving economic indicators like decreasing unemployment, moderate inflation, and steady GDP growth, the Fed is likely to continue its gradual rate increase path. The current rate is 0.50-0.75%, and a 25 basis point hike to 0.75-1.00% seems probable given the positive economic momentum."
2017-02-01,0.63,0.75,80,0.45000000000000007,1.0499999999999998,"Based on the data, economic indicators are generally positive but mixed. Unemployment is low at 4.7%, inflation is moderate, and GDP growth is steady. However, labor force participation remains a concern. The Fed is likely to continue its gradual rate increase path, balancing growth support with inflation control."
2017-03-01,0.63,0.75,80,0.45000000000000007,1.0499999999999998,"Based on recent economic data, the Fed is likely to maintain its current cautious approach. Unemployment remains low at 4.6%, inflation is near the 2% target, and GDP growth is moderate. While some indicators show improvement, uncertainties remain. The Fed will likely hold rates steady to support continued economic growth."
2017-04-01,0.88,1.0,80,0.7000000000000001,1.2999999999999998,"Based on improving economic indicators like falling unemployment, rising GDP, and moderate inflation, the Fed is likely to continue its gradual rate hike path. However, with core PCE inflation still below 2% target, a modest 0.25% increase from the current 0.75-1.00% range is expected."
2017-05-01,0.88,1.0,80,0.7000000000000001,1.2999999999999998,"Based on improving economic indicators like falling unemployment (U3 at 4.4%), moderate inflation (CPI around 2%), and steady GDP growth, the Fed is likely to continue its gradual rate hike path. However, with PCE still below 2% target and global uncertainties, a modest 0.25% increase from the current 0.75-1.00% range is most probable."
2017-06-01,0.88,1.0,80,0.7000000000000001,1.2999999999999998,"Based on recent economic data, the Fed is likely to maintain its gradual rate hike path. Low unemployment (4.4%), moderate inflation near 2% target, and steady GDP growth support a modest increase. The Fed raised rates in March 2017, and another 25 basis point hike in June seems probable given the overall positive economic indicators."
2017-07-01,1.13,1.25,80,0.9500000000000001,1.5499999999999998,"Based on improving economic indicators like decreasing unemployment, steady GDP growth, and moderate inflation, the Fed is likely to continue its gradual rate hike path. The current rate is 1.00-1.25%, and economic data supports a 25 basis point increase to 1.25-1.50%."
2017-08-01,1.13,1.25,90,1.1,1.4,"Based on recent economic data, the Fed is likely to maintain the current target rate. Unemployment is low at 4.3%, inflation remains below 2% target, and GDP growth is moderate. While some indicators show strength, overall conditions don't warrant a rate hike. The Fed will likely continue its gradual approach to normalization."
2017-09-01,1.13,1.25,80,0.9500000000000001,1.5499999999999998,"Based on the data, economic indicators are generally stable or improving. Unemployment is low at 4.4%, inflation is moderate, and GDP growth is positive. The Fed has been gradually raising rates, and given the current economic strength, they are likely to maintain this course with another 0.25% increase from the previous 1.00-1.25% target range."
2017-10-01,1.13,1.25,80,0.9500000000000001,1.5499999999999998,"Based on recent economic data, the Fed is likely to maintain the current target rate. Unemployment is low at 4.3%, inflation remains below 2% target, and GDP growth is moderate. While some indicators show strength, there's no strong pressure for an immediate rate hike given subdued inflation and wage growth."
2017-11-01,1.13,1.25,90,1.1,1.4,"Given stable inflation near 2% target, gradually improving labor market (U3 at 4.2%), and moderate GDP growth, the FOMC is likely to maintain its gradual rate hike path. The current 1-1.25% target range suggests a 25 basis point increase to 1.25-1.50% is probable, continuing the cautious normalization approach."
2017-12-01,1.13,1.25,80,0.9500000000000001,1.5499999999999998,"Economic data shows moderate growth, low unemployment, and inflation near 2% target. Fed likely to continue gradual rate increases. Recent statements suggest another 0.25% hike in December, bringing target range to 1.25-1.50%. Labor market strength and GDP growth support this move, while inflation remains slightly below target."
2018-01-01,1.38,1.5,80,1.2000000000000002,1.7999999999999998,"Based on improving economic indicators like low unemployment, moderate inflation, and steady GDP growth, the Fed is likely to continue gradual rate increases. The previous rate was 1.25-1.50%, so a 25 basis point hike to 1.50% is probable to maintain price stability and support economic growth."
2018-02-01,1.38,1.5,90,1.35,1.65,"Based on the data, economic indicators are generally positive but inflation remains below the 2% target. Unemployment is low and GDP growth is steady. The Fed likely maintains its gradual rate hike path, raising by 25 basis points from the previous 1.25-1.50% range to 1.50-1.75%."
2018-03-01,1.38,1.5,90,1.35,1.65,"Based on recent economic data, the Fed is likely to maintain the current target rate. Inflation remains near 2% target, unemployment is low at 4.1%, and GDP growth is steady. While wage growth is modest, overall economic indicators suggest no immediate need for rate change. The Fed's gradual approach to normalization supports maintaining the current rate."
2018-04-01,1.63,1.75,80,1.4500000000000002,2.05,"Based on recent economic data, the Fed is likely to raise rates by 0.25% to 1.75%. Unemployment remains low at 4%, inflation is near the 2% target, and GDP growth is steady. The Fed has signaled continued gradual rate increases to normalize monetary policy while supporting economic expansion."
2018-05-01,1.63,1.75,80,1.4500000000000002,2.05,"Based on recent economic data, the Fed is likely to maintain its gradual rate hike path. Low unemployment, steady GDP growth, and inflation near 2% target support a 25 basis point increase. However, wage growth remains moderate and global uncertainties persist, suggesting caution in tightening too quickly."
2018-06-01,1.63,1.75,80,1.4500000000000002,2.05,"Economic indicators suggest continued growth and inflation near target. Unemployment is low at 3.8%, GDP growth is steady, and inflation measures are close to 2%. The Fed has been gradually raising rates and is likely to continue this trend with a 25 basis point increase from the current 1.5-1.75% range."
2018-07-01,1.88,2.0,80,1.7000000000000002,2.3,"Based on strong economic indicators like low unemployment, steady GDP growth, and moderate inflation, the FOMC is likely to continue gradual rate increases. The current rate is 1.75-2.00%, and given the positive trends, a 25 basis point hike to 2.00-2.25% seems probable for the July 2018 meeting."
2018-08-01,1.88,2.0,80,1.7000000000000002,2.3,"Based on strong economic indicators like low unemployment (3.8%), moderate inflation (2.9% expectation), solid GDP growth (0.49%), and continued job gains, the FOMC is likely to maintain its gradual rate hike path. The current target range is 1.75-2.00%, so a 25 basis point increase to 2.00-2.25% is probable."
2018-09-01,1.88,2.0,80,1.7000000000000002,2.3,"Based on the data, economic indicators are generally positive with low unemployment, moderate inflation, and steady GDP growth. However, the Fed has been gradually raising rates. Given the current 1.75-2% target range, a 25 basis point increase to 2-2.25% seems likely to continue the gradual tightening while supporting continued growth."
2018-10-01,2.13,2.25,90,2.1,2.4,"Based on strong economic indicators like low unemployment (3.7% U3), steady GDP growth, and moderate inflation near the 2% target, the Fed is likely to continue its gradual rate hike path. The previous rate was 2%, and a 25 basis point increase aligns with recent FOMC behavior and communication."
2018-11-01,2.13,2.25,90,2.1,2.4,"Based on strong economic indicators like low unemployment (3.8%), moderate inflation (2.3% CPI), solid GDP growth (3.5% annualized), and rising wages, the Fed is likely to continue its gradual rate hike path. The current rate is 2.00-2.25%, and another 25 basis point increase aligns with their stated plans for gradual tightening."
2018-12-01,2.13,2.25,80,1.9500000000000002,2.55,"Based on strong economic indicators like low unemployment (3.8%), steady GDP growth, and moderate inflation near the Fed's 2% target, the FOMC is likely to maintain its gradual rate hike path. The current range is 2.00-2.25%, so a 25 basis point increase to 2.25-2.50% is probable, aligning with their previous guidance."
2019-01-01,2.38,2.5,80,2.2,2.8,"Based on recent economic data, the Fed is likely to raise rates slightly. Unemployment remains low at 3.9%, inflation is near the 2% target, and GDP growth is steady. However, some softening in wage growth and inflation expectations may cause caution. A 25 basis point increase to 2.50% balances continued economic strength with emerging signs of moderation."
2019-02-01,2.38,2.5,80,2.2,2.8,"Based on recent economic data, the Fed is likely to maintain the current target rate. Inflation remains near 2% target, unemployment is low, and GDP growth is steady. While there are some mixed signals, overall conditions don't warrant a rate change. The Fed has signaled a pause in rate hikes to assess economic conditions."
2019-03-01,2.38,2.5,80,2.2,2.8,"Based on recent economic data, the Fed is likely to maintain the current target rate. Inflation remains near 2% target, unemployment is low, and GDP growth is steady. While there are some mixed signals, overall conditions don't warrant a rate change at this time."
2019-04-01,2.38,2.5,80,2.2,2.8,"Based on recent economic data, the Fed is likely to maintain the current 2.25-2.50% target range. Inflation remains near the 2% target, unemployment is low, and GDP growth is moderate. While there are some signs of slowing, the overall economy appears stable, reducing the need for rate changes."
2019-05-01,2.38,2.5,90,2.35,2.65,"Based on recent economic data, the Fed is likely to maintain the current 2.25-2.50% target range. Inflation remains near the 2% target, unemployment is low at 3.7%, and GDP growth is moderate. The Fed has signaled a patient approach, and there are no strong indicators suggesting an immediate need to change rates."
2019-06-01,2.38,2.5,80,2.2,2.8,"Based on recent economic data, the Fed is likely to maintain the current target rate. Low unemployment (3.6%), stable inflation near 2% target, and moderate GDP growth suggest no immediate need for rate changes. The Fed has signaled a patient approach, and economic indicators don't show significant pressure for a rate adjustment at this time."
2019-07-01,2.38,2.5,80,2.2,2.8,"Based on stable low unemployment, moderate inflation near 2% target, and slowing GDP growth, the Fed is likely to maintain the current 2.25-2.50% target range. Recent economic data doesn't suggest a strong need to cut or raise rates immediately, though the Fed may signal openness to future cuts if growth weakens further."
2019-08-01,2.13,2.25,80,1.9500000000000002,2.55,"Based on stable low unemployment (3.7%), moderate inflation (CPI 1.6%, PCE 1.3%), slowing GDP growth (2.1% Q2), and global economic uncertainties, the Fed is likely to make a 25 basis point cut from the current 2.5% target rate as an insurance measure to sustain economic expansion."
2019-09-01,2.13,2.25,80,1.9500000000000002,2.55,"Based on recent economic data, the Fed is likely to maintain or slightly lower rates. Inflation remains below 2% target, GDP growth is moderate, and labor market is strong but showing some signs of softening. Global economic uncertainties and trade tensions may prompt a cautious approach. A 25 basis point cut to 2.25% seems probable."
2019-10-01,1.88,2.0,80,1.7000000000000002,2.3,"Based on recent economic data, the Fed is likely to lower rates slightly. Inflation remains below 2% target, GDP growth is slowing, and labor market shows some softening. However, overall economic conditions remain relatively stable, so a modest 25 basis point cut from the current 2.00-2.25% range is most probable."
2019-11-01,1.63,1.75,80,1.4500000000000002,2.05,"Based on recent economic data, the Fed is likely to maintain or slightly lower rates. Inflation remains below 2% target, unemployment is low, and GDP growth is moderate but slowing. The Fed has cut rates twice in 2019 already, and may continue this trend to support economic growth amid global uncertainties."
2019-12-01,1.63,1.75,80,1.4500000000000002,2.05,"Based on recent economic data, the Fed is likely to maintain the current target rate. Low unemployment (3.6%), moderate inflation (CPI 1.8%, PCE 1.3%), and steady GDP growth (2.1%) suggest no urgent need for rate changes. The Fed's recent dovish stance and global economic uncertainties further support this prediction."
2020-01-01,1.63,1.75,80,1.4500000000000002,2.05,"Based on the data, the economy shows moderate growth with low unemployment and inflation near target. The Fed likely maintains its current accommodative stance, keeping rates steady at 1.75%. Slowing M2 growth and muted inflation expectations suggest no immediate pressure to hike rates."
2020-02-01,1.63,1.75,80,1.4500000000000002,2.05,"Based on stable low unemployment (3.5-3.6%), moderate inflation (CPI 1.8-2.3%, PCE 1.6-1.7%), and slowing GDP growth (2.1-2.3%), the Fed is likely to maintain its current accommodative stance. Recent rate cuts and global economic uncertainties suggest the FOMC will hold rates steady to assess impacts of previous actions."
2020-03-01,1.63,1.5,80,1.2000000000000002,1.7999999999999998,"Given low unemployment (3.5-3.6%), moderate inflation (CPI 1.8-2.5%), and slowing GDP growth (0.1-0.3%), the Fed is likely to maintain the current 1.50-1.75% target range. Economic data suggests stability, but global uncertainties may warrant caution against rate increases."
2020-04-01,0.13,0.0,90,-0.14999999999999997,0.14999999999999997,"Given severe economic contraction due to COVID-19 (GDP -4.92%, -1.4M jobs lost in March), rising unemployment (4.4% U3, 8.8% U6), and plummeting inflation expectations, the Fed is likely to maintain its emergency 0-0.25% target rate set in mid-March to provide maximum monetary support."
2020-05-01,0.13,0.0,90,-0.14999999999999997,0.14999999999999997,"Given the severe economic contraction due to COVID-19, with unemployment spiking to 14.8%, negative GDP growth, and deflationary pressures, the Fed is likely to maintain its near-zero rate policy to provide maximum monetary support. The unprecedented job losses and economic shutdown warrant continued emergency measures."
2020-06-01,0.13,0.25,90,0.10000000000000003,0.39999999999999997,"Given severe economic contraction due to COVID-19 (13.2% unemployment, -20M jobs lost, negative GDP growth), the Fed is likely to maintain its near-zero rate policy. Inflation remains low and economic indicators show significant weakness, supporting continued accommodative monetary policy to stimulate recovery."
2020-07-01,0.13,0.25,90,0.10000000000000003,0.39999999999999997,"Given severe economic contraction due to COVID-19, with unemployment spiking to 14.8% in April and GDP growth plummeting to -9.53% in Q2, the Fed is likely to maintain its near-zero rate policy to support economic recovery. Inflation remains low, giving the Fed room to keep rates at the lower bound."
2020-08-01,0.13,0.25,90,0.10000000000000003,0.39999999999999997,"Given severe economic contraction due to COVID-19, with high unemployment (10.2% U3), negative GDP growth, and low inflation, the Fed is likely to maintain its near-zero rate policy to support economic recovery. The data shows significant economic stress requiring continued accommodative monetary policy."
2020-11-01,0.13,0.25,90,0.10000000000000003,0.39999999999999997,"Given the severe economic impact of COVID-19 evident in high unemployment (6.9% U3, 12.1% U6), low inflation (CPI 0.12%, PCE 0.06%), and modest GDP growth (0.74%), the Fed is likely to maintain its near-zero rate policy to support economic recovery. The FOMC had previously signaled it expects to keep rates at this level through 2023."
2021-01-01,0.13,0.25,90,0.10000000000000003,0.39999999999999997,"Given high unemployment (6.7% U3, 11.7% U6), low inflation (CPI 0.43%, PCE 0.44%), and ongoing economic challenges from COVID-19, the Fed is likely to maintain its near-zero rate policy to support economic recovery. The slight improvements in employment and GDP growth are not yet sufficient to warrant rate increases."
2021-02-01,0.13,0.25,90,0.10000000000000003,0.39999999999999997,"Given persistent high unemployment (U3 at 6.4%, U6 at 11.2%), low inflation (CPI growth 0.23%, PCE growth 0.37%), and slow economic recovery (GDP growth 1.97%), the Fed is likely to maintain its near-zero interest rate policy to support economic growth and employment."
2021-03-01,0.13,0.25,90,0.10000000000000003,0.39999999999999997,"Given persistently high unemployment (U3 at 6.2%, U6 at 11.1%), low inflation (CPI growth 0.36%, PCE growth 0.37%), and slow economic recovery (GDP growth -1%), the Fed is likely to maintain its accommodative stance. The target rate has been at 0-0.25% since March 2020, and economic conditions haven't improved enough to warrant a rate increase."
2021-04-01,0.13,0.25,90,0.10000000000000003,0.39999999999999997,"Given persistently high unemployment (U3 at 6.1%, U6 at 10.8%), moderate inflation (CPI at 0.48%, PCE at 0.53% monthly), and ongoing economic uncertainty due to COVID-19, the Fed is likely to maintain its near-zero interest rate policy to support economic recovery. The current 0-0.25% target range is expected to remain unchanged."
2021-05-01,0.13,0.25,90,0.10000000000000003,0.39999999999999997,"Given persistent high unemployment (U3 at 6.1%, U6 at 10.3%), moderate inflation (CPI at 0.67%, PCE at 0.56%), and ongoing economic recovery (GDP growth 1.11%), the Fed is likely to maintain its accommodative stance. The current target rate is 0-0.25%, and there's no strong indication for a change in the near term."
2021-07-01,0.13,0.25,90,0.10000000000000003,0.39999999999999997,"Given persistent unemployment (5.9% U3, 9.8% U6), moderate inflation (CPI 0.86%, PCE 0.52% monthly), and slow economic recovery (GDP growth 0.84% monthly), the Fed is likely to maintain its accommodative stance. The current 0-0.25% target range will likely be held to support continued economic recovery and job market improvement."
2021-08-01,0.13,0.25,90,0.10000000000000003,0.39999999999999997,"Given persistent high unemployment (U3 at 5.4%, U6 at 9.2%), moderate inflation (CPI 0.46%, PCE 0.48%), and ongoing economic recovery (GDP growth 1%), the Fed is likely to maintain its accommodative stance. The current 0-0.25% target range will likely be held to support continued economic growth and labor market improvement."
2021-09-01,0.13,0.25,90,0.10000000000000003,0.39999999999999997,"Based on the economic data, the Fed is likely to maintain the current near-zero rate. Unemployment remains elevated, inflation expectations are moderate, and GDP growth is positive but not overheating. The Fed has signaled a patient approach to rate hikes, focusing on maximum employment and average inflation targeting."
2021-10-01,0.13,0.25,90,0.10000000000000003,0.39999999999999997,"Based on the data, the Fed is likely to maintain the current near-zero rate. Unemployment remains elevated, inflation expectations are moderate, and economic growth is still recovering. The Fed has signaled it will keep rates low to support the ongoing economic recovery from the pandemic."
2021-11-01,0.13,0.25,90,0.10000000000000003,0.39999999999999997,"The Fed is likely to maintain the current 0-0.25% target range. Despite improving economic indicators like falling unemployment and rising GDP, inflation remains elevated. The Fed has signaled it wants to see substantial further progress before tightening policy. Given the ongoing pandemic recovery, they are likely to remain cautious and patient before raising rates."
2021-12-01,0.13,0.25,90,0.10000000000000003,0.39999999999999997,"Given low inflation, high unemployment (U3 at 4.2%, U6 at 7.7%), and ongoing economic recovery, the Fed is likely to maintain its accommodative stance. Recent data shows improving labor market but still below pre-pandemic levels. Inflation concerns are present but viewed as transitory. The Fed will likely keep rates unchanged to support continued economic growth."
2022-01-01,0.13,0.25,90,0.10000000000000003,0.39999999999999997,"Based on economic data from July-December 2021, the Fed is likely to maintain the current 0-0.25% target range. Inflation is elevated but employment is improving. The Fed has signaled a cautious approach to rate hikes, wanting to see sustained economic progress before tightening policy."
2022-02-01,0.13,0.25,90,0.10000000000000003,0.39999999999999997,"Given persistently high inflation (CPI 6.8%, PCE 4.9%), low unemployment (4%), and strong GDP growth (1.7% Q3), the Fed is likely to maintain its current accommodative stance. However, with inflation above target, they may signal future tightening. The 0-0.25% target range is expected to be held steady at this meeting."
2022-03-01,0.13,0.25,90,0.10000000000000003,0.39999999999999997,"Based on economic data from Sept 2021 to Feb 2022, the Fed is likely to maintain the current 0-0.25% target rate. Inflation is elevated but employment is improving. The Fed has signaled a cautious approach to rate hikes, likely waiting for stronger labor market recovery before acting."
2022-04-01,0.38,0.5,80,0.20000000000000007,0.7999999999999999,"Based on recent economic data, inflation remains elevated with CPI at 7.9% year-over-year in February. Labor market is tight with unemployment at 3.8%. The Fed has signaled it will raise rates to combat inflation. A 25 basis point hike from the current 0.25% target is likely, bringing the new target to 0.50%."
2022-05-01,0.38,0.5,80,0.20000000000000007,0.7999999999999999,"Given rising inflation (CPI at 8.5% annually), strong labor market (3.7% unemployment), and GDP growth, the Fed is likely to raise rates from the current 0.25-0.50% range. A 25 basis point hike to 0.50-0.75% seems probable to combat inflation while not stifling growth."
2022-06-01,0.88,0.75,80,0.45000000000000007,1.0499999999999998,"Given rising inflation (CPI at 8.3% year-over-year), tight labor market (3.6% unemployment), and strong wage growth, the Fed is likely to continue its tightening cycle. A 50 basis point hike from the current 0.25-0.50% range to 0.75-1.00% is expected to combat inflation while balancing growth concerns."
2022-07-01,1.63,1.75,80,1.4500000000000002,2.05,"Given rising inflation (CPI at 8.6% in May), tight labor market (3.6% unemployment), and strong GDP growth, the Fed is likely to continue aggressive tightening. A 75 basis point hike from the current 1.00% target seems probable to combat inflation while balancing growth concerns."
2022-08-01,2.38,2.25,80,1.9500000000000002,2.55,"Given rising inflation (CPI, PCE), tight labor market (low unemployment), and slowing but positive GDP growth, the Fed is likely to continue its tightening cycle. The data suggests a 75 basis point hike from the previous 1.50-1.75% range, bringing the target rate to 2.25-2.50%."
2022-09-01,2.38,2.5,80,2.2,2.8,"Given rising inflation (CPI and PCE growth), tight labor market (low unemployment), and continued GDP growth, the Fed is likely to continue its tightening cycle. However, with some signs of economic slowdown, they may opt for a moderate 50 basis point hike from the current 1.75% target rate."
2022-10-01,3.13,3.25,80,2.95,3.55,"Given rising inflation (CPI and PCE growth), tight labor market (low unemployment), and slowing GDP growth, the Fed is likely to continue its tightening cycle. The previous rate was 2.25-2.50%, and a 75 basis point hike seems probable given recent aggressive moves to combat inflation."
2022-11-01,3.13,3.75,80,3.45,4.05,"Given high inflation (CPI 8.2% YoY), tight labor market (3.6% unemployment), and slowing but positive GDP growth, the Fed is likely to continue aggressive tightening. The 75 bps hike in September signals continued resolve. Inflation expectations remain elevated. A 75 bps hike to 3.75% seems probable to combat persistent inflation while balancing recession risks."
2022-12-01,3.88,4.25,80,3.95,4.55,"Based on persistent high inflation (CPI and PCE above target), tight labor market (low unemployment), and slowing but positive GDP growth, the Fed is likely to continue tightening but at a slower pace. The previous 75bp hikes may shift to 50bp, bringing the target rate to 4.25-4.50%."
2023-01-01,4.38,4.5,80,4.2,4.8,"Based on recent economic data, inflation remains elevated but shows signs of moderating. Labor market remains tight with low unemployment. GDP growth is slowing but positive. The Fed is likely to continue its tightening cycle but at a slower pace, aiming to balance inflation control with avoiding recession."
2023-02-01,4.38,4.5,80,4.2,4.8,"Based on recent economic data, the Fed is likely to continue its tightening cycle, but at a slower pace. Inflation remains elevated but shows signs of moderating. Labor market remains tight. GDP growth is positive but slowing. The Fed may opt for a smaller 25 basis point hike to balance inflation concerns with economic growth risks."
2023-03-01,4.63,4.75,80,4.45,5.05,"Given persistent inflation, low unemployment, and moderate GDP growth, the Fed is likely to continue its tightening cycle. However, slowing M1/M2 growth and moderating inflation expectations suggest a potential easing in the pace of rate hikes. A 25 basis point increase to 4.75% balances inflation concerns with economic stability."
2023-04-01,4.88,5.0,80,4.7,5.3,"Based on recent economic data, inflation remains elevated but is showing signs of moderation. Labor market remains tight with low unemployment. The Fed is likely to continue its tightening cycle but may slow the pace of rate hikes. A 25 basis point increase to 5.00% seems probable given the need to balance inflation control with economic growth concerns."
2023-05-01,4.88,5.25,80,4.95,5.55,"Based on recent economic data, inflation remains elevated but is showing signs of moderation. Employment is strong with low unemployment rates. The Fed has been aggressive in raising rates to combat inflation. Given the current economic conditions, the FOMC is likely to maintain its tightening stance with a 25 basis point increase to 5.25%."
2023-06-01,5.13,5.25,80,4.95,5.55,"Given recent economic data, the Fed is likely to maintain the current rate. Inflation remains above target but is moderating. Labor market remains tight with low unemployment. GDP growth is positive but moderate. The Fed will likely pause to assess the impact of previous rate hikes before considering any changes."
2023-07-01,5.13,5.25,80,4.95,5.55,"Based on recent economic data, inflation remains above target but is moderating. Employment is strong with low unemployment. The Fed has been aggressive in rate hikes, and may maintain the current rate to assess impact. Economic growth is steady but not overheating. Given these factors, the FOMC is likely to hold rates steady at 5.25% to balance inflation control and economic stability."
2023-08-01,5.38,5.25,80,4.95,5.55,"Recent data shows persistent inflation, tight labor market, and moderate economic growth. CPI and PCE remain above target, unemployment is low, and GDP growth is positive. The Fed has maintained a hawkish stance, suggesting they're likely to keep rates steady at 5.25% to ensure inflation continues trending downward before considering cuts."
2023-09-01,5.38,5.5,80,5.2,5.8,"Recent data shows persistent inflation above target, tight labor market with low unemployment, and moderate GDP growth. The Fed has maintained a hawkish stance, and given these conditions, a 25 basis point increase to 5.50% is likely to continue addressing inflation concerns while balancing growth risks."
2023-10-01,5.38,5.5,80,5.2,5.8,"Recent economic data shows persistent inflation above target, low unemployment, and steady GDP growth. While inflation has moderated, it remains elevated. The Fed is likely to maintain its hawkish stance with a slight increase to ensure inflation continues downward, balancing against risks of overtightening."
2023-11-01,5.38,5.5,80,5.2,5.8,"Recent data shows persistent inflation above target, tight labor market with low unemployment, and steady GDP growth. Despite some moderation, core PCE remains elevated. The Fed is likely to maintain its hawkish stance to ensure inflation continues trending downward, supporting another 25 basis point hike to 5.50%."
2023-12-01,5.38,5.5,80,5.2,5.8,"Based on recent economic data, inflation remains above the Fed's 2% target, though showing signs of moderation. Labor market remains tight with low unemployment. GDP growth is positive. The Fed is likely to maintain its current restrictive stance to ensure inflation continues to decline towards target."
2024-01-01,5.38,5.5,75,5.125,5.875,"Recent data shows persistent inflation above target, tight labor market with low unemployment, and moderate GDP growth. While inflation has eased, it remains elevated. The Fed is likely to maintain a restrictive stance to ensure inflation continues downward, possibly with one more 25 basis point hike or holding rates steady at current levels."
2024-02-01,5.38,5.25,80,4.95,5.55,"Based on recent economic data, inflation remains above the Fed's 2% target but is moderating. Unemployment is low and GDP growth is positive. The Fed is likely to maintain the current rate to ensure inflation continues to decline without risking economic growth."
2024-03-01,5.38,5.25,75,4.875,5.625,"Based on recent data, inflation remains above the 2% target but is moderating. Unemployment is low and GDP growth is steady. The Fed will likely maintain the current rate to ensure inflation continues to decline without risking economic growth. However, they may consider cuts later in 2024 if inflation trends downward consistently."
2024-04-01,5.38,5.25,75,4.875,5.625,"Based on recent economic data, inflation remains above the Fed's 2% target but is moderating. Unemployment is low and GDP growth is steady. The Fed is likely to maintain the current rate to ensure inflation continues to decline without risking economic growth. However, they may consider cuts later in 2024 if inflation trends lower."
2024-06-01,5.38,5.0,70,4.55,5.45,"Based on recent data, inflation is moderating but still above target. Unemployment remains low and GDP growth is positive. The Fed may maintain current rates or make a small cut to support growth while ensuring inflation continues to decline towards the 2% target. Economic indicators suggest a cautious approach to monetary policy."
2024-08-01,5.38,5.0,70,4.55,5.45,"Based on recent data, inflation is moderating but remains above target. Labor market remains tight with low unemployment. GDP growth is positive. The Fed may slightly lower rates from current levels to support growth while ensuring inflation continues to decline towards the 2% target."
2024-09-01,5.38,4.75,70,4.3,5.2,"Based on recent economic data, inflation appears to be moderating but remains above the Fed's 2% target. Employment is strong with low unemployment. GDP growth is positive but moderate. The Fed may maintain a slightly restrictive policy stance to ensure inflation continues to decline, while being cautious not to overly constrain economic growth."
2024-10-01,4.88,5.0,70,4.55,5.45,"Based on recent economic data, inflation appears to be moderating but remains above the Fed's 2% target. Labor market remains tight with low unemployment. GDP growth is positive but slowing. The Fed may maintain current rates or make a small cut to support growth while ensuring inflation continues to decline."
2024-11-01,4.88,5.25,70,4.8,5.7,"Based on recent data, inflation remains above target but is moderating. Unemployment is low and stable. Economic growth is steady. The Fed may maintain current rates to ensure inflation continues downward without risking recession. However, if inflation persists, a slight increase could occur."
2024-12-01,4.63,5.0,70,4.55,5.45,"Based on recent economic data, inflation appears to be moderating but remains above the Fed's 2% target. Employment is strong with low unemployment. GDP growth is positive but slowing. The Fed may maintain current rates or make a small cut to support growth while ensuring inflation continues to decline."
2025-01-01,4.38,4.75,70,4.3,5.2,"Based on recent economic data, inflation is moderating but remains above target. Unemployment is low and GDP growth is positive. The Fed may maintain a slightly restrictive policy to ensure inflation continues downward, but could begin easing if economic conditions warrant. A gradual reduction from current levels is likely by early 2025."
2025-02-01,4.38,4.75,70,4.3,5.2,"Based on recent economic data, inflation appears to be moderating but remains above target. Unemployment is low and GDP growth is positive but slowing. The Fed may cautiously lower rates to support growth while ensuring inflation continues to decline towards its 2% target."
2025-03-01,4.38,4.75,70,4.3,5.2,"Based on recent trends, inflation appears to be moderating but still above target. Unemployment remains low and economic growth is steady. The Fed may cautiously lower rates to support growth while ensuring inflation continues to decline towards its 2% target."
