Date,Actual,Predicted,Confidence,Explanation
2015-12-16,0.38,0.5,80,"Based on economic data through December 2015, the Fed is likely to raise rates slightly from the near-zero level. Unemployment has declined to 5%, inflation remains low, and GDP growth is moderate. A small 0.25% increase signals confidence in the recovery while remaining cautious."
2016-01-01,0.38,0.5,80,"Based on economic data from July-December 2015, the Fed is likely to maintain the 0.25-0.50% target range set in December 2015. Moderate GDP growth, stable inflation near 2% target, and improving labor market (5% unemployment) support a cautious approach. The Fed will likely wait to assess impact of December hike before further increases."
2016-02-01,0.38,0.5,80,"Based on economic data from August 2015 to January 2016, the Fed is likely to maintain the current 0.25-0.50% target range. Unemployment is low at 4.8%, but inflation remains below 2% target. GDP growth is modest. The Fed raised rates in December 2015 and will likely pause to assess impacts before further increases."
2016-03-01,0.38,0.5,80,"Based on the data, economic indicators are mixed but generally stable. Unemployment (U3) has decreased to 4.9%, inflation remains low, and GDP growth is modest. The Fed is likely to maintain its cautious approach, keeping rates unchanged at 0.25-0.50% to support continued economic recovery while monitoring global economic conditions."
2016-04-01,0.38,0.5,80,"Based on the data, unemployment remains low at 5%, inflation is subdued with CPI and PCE growth moderate, and GDP growth is positive but modest. The Fed had just begun raising rates from near-zero in December 2015. Given the stable economic picture, the FOMC is likely to maintain the current 0.25-0.50% target range set in December."
2016-05-01,0.38,0.5,80,"Based on the data, the Fed is likely to maintain the current 0.25-0.50% target range. Unemployment is low at 5.1%, inflation remains below 2% target, and GDP growth is moderate. While labor market is improving, global economic uncertainties persist. The Fed will likely remain cautious and hold rates steady at this meeting."
2016-06-01,0.38,0.5,80,"Based on the data, economic indicators are mixed but generally stable. Unemployment is low at 4.8%, inflation remains below the 2% target, and GDP growth is modest. The Fed is likely to maintain its cautious stance and keep rates unchanged at 0.25-0.50% to support continued economic growth while monitoring inflation."
2016-07-01,0.38,0.5,80,"Based on the data, the economy shows moderate growth with low inflation. Unemployment is stable around 5%. The Fed is likely to maintain the current 0.25-0.50% target range, as there's no strong pressure to raise rates immediately given global economic uncertainties."
2016-08-01,0.38,0.5,80,"Based on the data, economic indicators are mixed but generally stable. Unemployment remains low at 4.8%, inflation is moderate, and GDP growth is positive but modest. The Fed is likely to maintain its cautious stance and keep rates unchanged at 0.25-0.50% to support continued economic growth while monitoring inflation."
2016-09-01,0.38,0.5,80,"Based on the data, economic indicators are mixed but generally stable. Unemployment remains low at 4.9%, inflation is moderate, and GDP growth is positive but modest. The Fed has been cautious about raising rates in 2016. Given the current economic conditions, the FOMC is likely to maintain the current target rate."
2016-10-01,0.38,0.5,80,"Based on the data, economic indicators are mixed but generally stable. Unemployment is low at 5%, inflation remains below the 2% target, and GDP growth is moderate. The Fed is likely to maintain its cautious approach, keeping rates unchanged at 0.25-0.50% to support continued economic growth while monitoring inflation closely."
2016-11-01,0.38,0.5,80,"Based on the data, the economy shows moderate growth with low inflation. Unemployment is stable around 5%, GDP growth is positive but modest, and inflation indicators are below the Fed's 2% target. The Fed is likely to maintain its cautious approach and keep rates unchanged at 0.25-0.50% to support continued economic expansion."
2016-12-01,0.38,0.5,80,"Based on the data, economic indicators are mixed but generally stable. Unemployment is low at 4.7%, inflation remains below the 2% target, and GDP growth is moderate. The Fed is likely to maintain the current rate to support continued economic growth while monitoring inflation closely."
2017-01-01,0.63,0.75,80,"Based on economic data from July-December 2016, the Fed is likely to maintain its gradual rate hike path. Unemployment is low at 4.7%, inflation is near the 2% target, and GDP growth is moderate. However, wage growth and labor force participation remain concerns. A 25 basis point increase to 0.75% balances continued economic progress with caution."
2017-02-01,0.63,0.75,80,"Based on economic data from August 2016 to January 2017, the Fed is likely to maintain the current target rate. Unemployment is low at 4.7%, inflation is moderate, and GDP growth is steady. While some indicators suggest economic strength, the Fed may remain cautious given global uncertainties and to avoid disrupting the recovery."
2017-03-01,0.63,0.75,80,"Based on improving economic indicators like decreasing unemployment, moderate inflation, and steady GDP growth, the FOMC is likely to maintain its gradual rate hike path. The current rate is 0.50-0.75%, and economic data suggests conditions support another 25 basis point increase to 0.75-1.00%."
2017-04-01,0.88,1.0,80,"Based on economic data from Oct 2016 to Mar 2017, indicators suggest continued moderate growth and inflation near the Fed's 2% target. Unemployment is low at 4.4%. The Fed raised rates in Dec 2016 and Mar 2017, likely to continue gradual increases. A 0.25% hike to 1.00% seems probable for April 2017 to normalize policy while supporting economic expansion."
2017-05-01,0.88,1.0,80,"Based on improving economic indicators like falling unemployment (U3 at 4.4%), moderate inflation (CPI at 2.4% YoY), and steady GDP growth, the Fed is likely to continue its gradual rate hike path. However, given the recent pace of increases and still-moderate inflation, a 25 basis point hike to 1.00% seems most probable at this meeting."
2017-06-01,0.88,1.0,80,"Based on economic data from Dec 2016 to May 2017, the Fed is likely to maintain its gradual rate hike path. Low unemployment (4.4%), moderate inflation near 2% target, and steady GDP growth support a small increase. However, slowing wage growth and mixed economic indicators suggest caution. A 25 basis point hike to 1.00% balances continued economic progress with prudence."
2017-07-01,1.13,1.25,80,"Based on improving economic indicators like decreasing unemployment, moderate inflation near 2% target, and steady GDP growth, the FOMC is likely to continue gradual rate increases. The previous rate was 1.00-1.25%, so a 25 basis point hike to 1.25-1.50% is probable, maintaining the cautious normalization path."
2017-08-01,1.13,1.25,80,"Based on improving economic indicators like declining unemployment, steady GDP growth, and moderate inflation near the Fed's 2% target, the FOMC is likely to maintain its gradual rate hike path. The current rate is 1.00-1.25%, and economic data supports another 25 basis point increase."
2017-09-01,1.13,1.25,90,"Based on strong economic indicators like low unemployment (4.4%), moderate inflation (CPI 1.7% YoY), steady GDP growth (2.2% annualized), and continued job gains, the FOMC is likely to maintain its gradual rate hike path. The current target range is 1.00-1.25%, so maintaining this range is most probable."
2017-10-01,1.13,1.25,90,"Based on recent economic data, the Fed is likely to maintain the current target rate. Inflation remains below 2% target, unemployment is low at 4.3%, and GDP growth is moderate. While some indicators show strength, there's no strong pressure for a rate hike given subdued inflation and wage growth."
2017-11-01,1.13,1.25,90,"Based on recent economic data, the Fed is likely to maintain the current target rate. Unemployment is low at 4.2%, inflation remains below 2% target, and GDP growth is steady. While some indicators show strength, there's no urgent pressure to raise rates. The Fed's gradual approach suggests holding rates steady at this meeting."
2017-12-01,1.13,1.25,90,"Based on the data, economic indicators suggest continued moderate growth and inflation near the Fed's 2% target. Unemployment is low at 4.2%. The Fed has been gradually raising rates and is likely to continue this path. Given the current 1-1.25% range, a 25 basis point increase to 1.25-1.50% is probable at the December meeting."
2018-01-01,1.38,1.5,80,"Based on improving economic indicators like falling unemployment, steady GDP growth, and moderate inflation near the Fed's 2% target, the FOMC is likely to continue its gradual rate hike path. The previous rate was 1.25-1.50%, so maintaining the upper bound at 1.50% seems probable given the positive but not overheating economy."
2018-02-01,1.38,1.5,90,"Based on economic data, the Fed is likely to maintain the current target rate. Unemployment is low at 4%, inflation is near 2% target, and GDP growth is steady. While some indicators show strength, there are no clear signs necessitating an immediate rate hike. The Fed will likely continue gradual normalization but wait for more data before the next increase."
2018-03-01,1.38,1.5,80,"Based on economic data from September 2017 to February 2018, the Fed is likely to maintain the current target rate. Unemployment is low at 4.1%, inflation remains below 2% target, and GDP growth is steady. While some indicators suggest economic strength, the Fed has been cautious about rapid rate increases."
2018-04-01,1.63,1.75,80,"Based on recent economic data, the Fed is likely to raise rates by 0.25%. Unemployment remains low at 4%, inflation is near the 2% target, and GDP growth is steady. The Fed has been gradually increasing rates and signaled further hikes in 2018. With continued economic strength, a modest increase is expected to maintain price stability and full employment."
2018-05-01,1.63,1.75,80,"Based on strong economic indicators like low unemployment, steady GDP growth, and rising inflation, the FOMC is likely to continue gradual rate increases. Recent data shows inflation approaching the 2% target, supporting a 25 basis point hike from the current 1.5-1.75% range to 1.75-2%."
2018-06-01,1.63,1.75,80,"Based on strong economic indicators like low unemployment (3.8% U3), moderate inflation (2.8% CPI), solid GDP growth (0.74% quarterly), and rising wages, the Fed is likely to continue its gradual rate hike path. The previous rate was 1.5-1.75%, so a 25 basis point increase to 1.75-2% range is probable."
2018-07-01,1.88,2.0,80,"Based on strong economic indicators like low unemployment (4%), moderate inflation (2-3% range), and steady GDP growth, the Fed is likely to continue its gradual rate hike path. The current rate is 1.75-2.00%, and another 0.25% increase aligns with their cautious approach to normalizing monetary policy while supporting continued economic expansion."
2018-08-01,1.88,2.0,80,"Based on strong economic indicators like low unemployment (3.8%), moderate inflation (2.9% 1-year expectation), steady GDP growth (0.49% last month), and continued job gains, the FOMC is likely to maintain its gradual rate hike path. The current target range is 1.75-2.00%, so a 25 basis point increase to 2.00-2.25% is probable."
2018-09-01,1.88,2.0,80,"Based on recent economic data, the Fed is likely to maintain its gradual rate hike path. Low unemployment, steady GDP growth, and inflation near 2% target support another 0.25% increase. However, trade tensions and global uncertainties may warrant caution. The Fed has signaled continued gradual tightening, making a 2.00% target rate probable for September 2018."
2018-10-01,2.13,2.25,90,"Based on strong economic indicators like low unemployment (3.7%), moderate inflation (2.7% CPI), steady GDP growth (2.9% annualized), and robust job creation, the FOMC is likely to continue its gradual rate hike path. The previous rate was 2.00%, and a 25 basis point increase aligns with their cautious approach to normalization."
2018-11-01,2.13,2.25,80,"Based on strong economic indicators like low unemployment (3.7-4.0%), steady GDP growth (0.3-0.7% monthly), and moderate inflation (CPI 2.0-2.3% annually), the Fed is likely to continue its gradual rate hike path. The current rate is 2.00-2.25%, and economic data supports another 0.25% increase to 2.25-2.50% at the November 2018 meeting."
2018-12-01,2.13,2.5,80,"Based on strong economic indicators like low unemployment (3.8%), moderate inflation (CPI 2.2% YoY), and solid GDP growth (3% annualized), the Fed is likely to continue gradual rate hikes. With the current rate at 2.00-2.25%, a 25 basis point increase to 2.25-2.50% is probable to maintain price stability and full employment."
2019-01-01,2.38,2.5,80,"Based on recent economic data, the Fed is likely to raise rates by 25 basis points. Low unemployment, steady GDP growth, and moderate inflation support continued gradual tightening. However, recent market volatility and global growth concerns may lead to a more cautious approach, hence not a higher increase."
2019-02-01,2.38,2.5,80,"Based on the data, inflation remains moderate, unemployment is low, and economic growth is steady. The Fed likely maintains its gradual rate hike path to balance growth and inflation risks. With the target rate at 2.25-2.50% in December 2018, the FOMC is expected to hold rates steady in February 2019 to assess economic conditions."
2019-03-01,2.38,2.5,80,"Based on recent economic data, the Fed is likely to maintain the current target rate. Inflation remains near 2% target, unemployment is low at 3.8%, and GDP growth is moderate. While there are some mixed signals, overall conditions don't warrant a rate change. The Fed has signaled a patient approach to future adjustments."
2019-04-01,2.38,2.5,80,"Based on recent economic data, the Fed is likely to maintain the current target rate. Inflation remains near the 2% target, unemployment is low, and GDP growth is moderate. While there are some signs of slowing, overall economic conditions don't warrant a rate change at this time."
2019-05-01,2.38,2.5,80,"Based on recent economic data, the Fed is likely to maintain the current target rate. Inflation remains near 2% target, unemployment is low at 3.7%, and GDP growth is moderate. While there are some mixed signals, overall conditions don't warrant a rate change at this time."
2019-06-01,2.38,2.5,80,"Based on recent economic data, the Fed is likely to maintain the current target rate. Unemployment remains low at 3.6%, inflation is moderate, and GDP growth is steady. While there are some mixed signals, overall economic conditions don't warrant a rate change at this time. The Fed will likely continue its patient approach."
2019-07-01,2.38,2.5,80,"Based on recent economic data, the Fed is likely to maintain the current target rate. Unemployment remains low at 3.6%, inflation is moderate, and GDP growth is steady. While there are some mixed signals, overall economic conditions do not strongly indicate a need for rate changes at this time."
2019-08-01,2.13,2.25,80,"Based on stable low unemployment (3.7%), moderate inflation (CPI 1.6%, PCE 1.3%), slowing GDP growth (2.1% Q2), and global economic uncertainties, the Fed is likely to implement a 25 basis point rate cut from the current 2.5% to 2.25% as an insurance measure against potential economic headwinds."
2019-09-01,2.13,2.25,80,"Based on stable low unemployment (3.6-3.8%), moderate inflation (CPI 1-2%, PCE ~2%), and slowing GDP growth (0.17-0.75%), the Fed is likely to maintain or slightly lower rates to support economic growth. Recent global uncertainties and trade tensions also favor a more accommodative stance."
2019-10-01,1.88,2.0,80,"Based on recent economic data, the Fed is likely to maintain or slightly lower rates. Inflation remains below 2% target, unemployment is low, and GDP growth is moderate but slowing. Global uncertainties and trade tensions persist. A 25 basis point cut to 2.00% seems probable to support continued expansion."
2019-11-01,1.63,1.75,80,"Based on recent economic data, the Fed is likely to cut rates by 25 basis points. Low inflation, slowing GDP growth, and global economic uncertainties support easing. However, low unemployment and steady wage growth may give pause. The Fed has been gradually lowering rates in 2019 and another modest cut aligns with their cautious approach."
2019-12-01,1.63,1.75,80,"Based on recent economic data, the Fed is likely to maintain the current target rate. Low unemployment (3.6%), moderate inflation (CPI 1.8%, PCE 1.3% YoY), and steady GDP growth (2.1% Q3) suggest economic stability. The Fed's recent rate cuts and pause signal a wait-and-see approach, barring major changes."
2020-01-01,1.63,1.75,80,"Based on the data, the economy shows moderate growth with low unemployment and inflation near the Fed's 2% target. The Fed likely maintains its accommodative stance, keeping rates steady after recent cuts. Stable GDP growth, controlled inflation, and strong labor market suggest no immediate need for further easing."
2020-02-01,1.63,1.75,80,"Economic data shows low unemployment (3.6%), moderate inflation (CPI 2.3%, PCE 1.7%), and steady GDP growth (2.1% annualized). The Fed likely maintains current accommodative stance to support expansion. Recent rate cuts and global uncertainties suggest no immediate hike. The 1.50-1.75% range is likely to be held."
2020-03-01,1.63,1.5,80,"Given low unemployment (3.5%), moderate inflation (2.4% CPI), and slowing GDP growth (0.29%), the Fed is likely to maintain the current 1.50-1.75% target range. Recent economic data suggests stability, but global uncertainties may warrant caution against rate increases."
2020-04-01,0.13,0.0,90,"Given severe economic disruption from COVID-19 pandemic, including sharp rise in unemployment and negative GDP growth, the Fed is likely to cut rates to near zero to provide maximum monetary stimulus. Recent data shows rapid economic deterioration requiring urgent policy response."
2020-05-01,0.13,0.0,90,"Given severe economic contraction due to COVID-19 (14.8% unemployment, -20.5M jobs lost, GDP down 9.5%), the Fed is likely to maintain its near-zero rate policy set in March 2020 emergency actions. Inflation remains low and economic outlook highly uncertain, supporting continued accommodative monetary policy."
2020-08-01,0.13,0.25,90,"Given severe economic contraction due to COVID-19 (GDP -9.5% in Q2, unemployment 10.2% in July), near-zero inflation (CPI 0.6% YoY), and the Fed's commitment to support the economy, the FOMC is highly likely to maintain the current 0-0.25% target range set in March 2020 emergency actions."
2020-09-01,0.13,0.25,90,"Given severe economic contraction due to COVID-19, with high unemployment (8.4% U3, 14.2% U6), negative GDP growth, and low inflation (CPI 0.37%, PCE 0.31%), the Fed is likely to maintain its near-zero rate policy to support economic recovery. The target rate was already lowered to 0-0.25% in March 2020 and conditions have not improved enough to warrant an increase."
2020-10-01,0.13,0.25,90,"Given severe economic contraction due to COVID-19, high unemployment (7.8% U3, 12.8% U6), low inflation (CPI 0.26%, PCE 0.15%), and the Fed's recent shift to average inflation targeting, the FOMC is likely to maintain the near-zero rate to support economic recovery and employment."
2021-01-01,0.13,0.25,90,"Given high unemployment (6.7% U3, 11.7% U6), low inflation (CPI 0.43%, PCE 0.44%), and slow economic growth (GDP 1.13% Q/Q), the Fed is likely to maintain its near-zero rate policy to support economic recovery from the COVID-19 pandemic. The Fed's forward guidance indicates rates will remain low until substantial progress is made on employment and inflation goals."
2021-02-01,0.13,0.25,90,"The Fed is likely to maintain the current 0-0.25% target range. Economic data shows ongoing recovery but persistent challenges. Unemployment remains elevated, inflation is below target, and GDP growth is moderate. The Fed has signaled it will keep rates low until substantial progress is made towards maximum employment and price stability goals."
2021-03-01,0.13,0.25,90,"The Fed is likely to maintain the current 0-0.25% target range. Economic indicators show a gradual recovery, but unemployment remains elevated at 6.2%. Inflation is below the 2% target, with PCE at 1.5% year-over-year. The Fed has signaled it will keep rates low until substantial progress is made towards maximum employment and price stability goals."
2021-04-01,0.13,0.25,90,"Given persistent high unemployment (U3 at 6.1%, U6 at 10.8%), moderate inflation (CPI at 0.48%, PCE at 0.53% monthly), and slow economic recovery (GDP growth 2.52% last quarter), the Fed is likely to maintain its accommodative stance and keep rates at the lower bound of 0-0.25% to support the ongoing recovery from the COVID-19 recession."
2021-05-01,0.13,0.25,90,"Given the economic data up to May 2021, the Fed is likely to maintain the near-zero interest rate policy. Unemployment remains elevated at 6.1%, inflation expectations are moderate, and economic recovery is ongoing but not complete. The Fed has consistently signaled it will keep rates low until substantial further progress is made towards maximum employment and price stability goals."
2021-07-01,0.13,0.25,90,"The Fed is likely to maintain the current 0-0.25% target range. Despite improving economic indicators (falling unemployment, rising GDP), inflation remains moderate and the recovery is ongoing. The Fed has signaled it will keep rates low until substantial further progress is made towards maximum employment and price stability goals."
2021-08-01,0.13,0.25,90,"The Fed is likely to maintain the current 0-0.25% target range. Despite rising inflation, unemployment remains elevated at 5.4%. The Fed has signaled it will tolerate above-target inflation to support full employment. Economic recovery is ongoing but incomplete, suggesting continued accommodative policy."
2021-09-01,0.13,0.25,90,"Given persistent unemployment (5.1% U3, 8.8% U6), moderate inflation (CPI 0.29%, PCE 0.41%), and ongoing economic recovery (GDP growth 0.50%), the Fed is likely to maintain its accommodative stance. The target rate has been at 0-0.25% since March 2020, and the data doesn't indicate a need for immediate tightening."
2021-10-01,0.13,0.25,90,"Based on economic data through September 2021, the Fed is likely to maintain its near-zero interest rate policy. Unemployment remains elevated at 4.7%, inflation expectations are moderate, and GDP growth is slowing. The Fed has signaled it will be patient before raising rates, focusing on maximum employment and average inflation of 2% over time."
2021-11-01,0.13,0.25,90,"The Fed is likely to maintain the current 0-0.25% target range. Despite improving economic indicators like falling unemployment and rising GDP, inflation remains a concern. The Fed has signaled it wants to see sustained progress before raising rates. Given the ongoing pandemic recovery, they are likely to remain cautious and keep rates unchanged at this meeting."
2021-12-01,0.13,0.25,90,"The Fed is likely to maintain the current 0-0.25% target range. Despite improving economic indicators like falling unemployment and rising GDP, inflation remains elevated. The Fed has signaled it wants to see substantial further progress before raising rates. Given the ongoing pandemic recovery, they are likely to remain cautious and keep rates unchanged at this meeting."
2022-01-01,0.13,0.25,90,"Given low inflation, high unemployment (U3 at 3.9%, U6 at 7.3%), and slow economic recovery, the Fed is likely to maintain its accommodative stance. The target rate has been at 0-0.25% since March 2020, and economic indicators don't suggest a need for tightening in early 2022. Inflation expectations remain anchored, and GDP growth is moderate."
2022-02-01,0.13,0.25,90,"Based on economic data through January 2022, the Fed is likely to maintain the current 0-0.25% target range. Inflation is elevated but employment is improving. The Fed has signaled a cautious approach to rate hikes, wanting to see further labor market progress before tightening policy. No immediate rate increase is expected at the February 2022 meeting."
2022-03-01,0.13,0.25,90,"Given low unemployment (3.8%), moderate inflation (CPI 7.5% YoY), and continued economic growth (GDP 5.6% YoY), the Fed is likely to maintain its current accommodative stance. The target rate has been at 0-0.25% since March 2020, and there are no strong signals for an immediate hike based on this data."
2022-04-01,0.38,0.5,80,"Given rising inflation (CPI at 7.9% YoY), tight labor market (3.7% unemployment), and strong economic growth (GDP +6.9% Q4 2021), the Fed is likely to raise rates from the current 0-0.25% range. A 25 basis point hike to 0.25-0.50% aligns with recent Fed guidance on gradual tightening to combat inflation while supporting economic recovery."
2022-05-01,0.38,0.5,80,"Given rising inflation (CPI at 8.5% in March), tight labor market (3.7% unemployment), and strong GDP growth, the Fed is likely to raise rates from the current 0.25-0.50% range. A 50 basis point hike to 0.50-0.75% aligns with recent Fed communication on tightening monetary policy to combat inflation."
2022-06-01,0.88,0.75,80,"Based on rising inflation (CPI at 8.3% in April), tight labor market (3.6% unemployment), and strong GDP growth, the Fed is likely to continue its tightening cycle. A 50 basis point hike from the current 0.25-0.50% range to 0.75-1.00% is expected to combat inflation without overly constraining growth."
2022-07-01,1.63,1.75,80,"Given persistent high inflation (CPI 8.6% YoY in May), tight labor market (3.6% unemployment), and strong wage growth, the Fed is likely to continue aggressive tightening. A 75 basis point hike to 1.75% aligns with their recent hawkish shift to combat inflation while balancing growth concerns."
2022-08-01,2.38,2.25,80,"Given rising inflation (CPI and PCE growth), tight labor market (low unemployment), and continued GDP growth, the Fed is likely to continue its tightening cycle. A 75 basis point hike from the current 1.50-1.75% range to 2.25-2.50% is probable to combat inflation while balancing growth concerns."
2022-09-01,2.38,2.5,80,"Given rising inflation (CPI and PCE growth), tight labor market (low unemployment), and continued GDP growth, the Fed is likely to continue its tightening cycle. However, with some signs of economic slowdown, they may opt for a moderate 50 basis point hike from the current 1.75% target rate."
2022-10-01,3.13,3.25,80,"Given rising inflation (CPI and PCE growth), tight labor market (low unemployment), and continued economic growth (positive GDP growth), the Fed is likely to continue its tightening cycle. The 75 basis point hike pattern suggests another significant increase from the previous 2.25-2.50% range."
2022-11-01,3.13,3.75,80,"Given rising inflation, tight labor market, and slowing but positive GDP growth, the Fed is likely to continue its aggressive tightening. Recent CPI and PCE data remain well above target. Unemployment is low at 3.5-3.6%. The Fed will likely raise rates by 75 basis points to combat inflation while balancing recession risks."
2022-12-01,3.88,4.0,80,"Given persistently high inflation (CPI and PCE above target), tight labor market (low unemployment), and continued GDP growth, the Fed is likely to continue its tightening cycle. However, some slowdown in inflation and economic indicators suggests a moderation in rate hikes. A 50 basis point increase from the previous 3.75-4.00% range is probable."
2023-01-01,4.38,4.5,80,"Based on recent economic data, the Fed is likely to continue its tightening cycle. Inflation remains high, though showing signs of moderation. Labor market is tight with low unemployment. GDP growth is slowing but positive. The Fed may opt for a smaller 50 basis point hike to balance inflation concerns with recession risks."
2023-02-01,4.38,4.5,80,"Given persistent inflation, tight labor market (low unemployment), and slowing but positive GDP growth, the Fed is likely to continue its tightening cycle. However, with some signs of inflation moderation and to avoid over-tightening, a 25 basis point increase from the current 4.25-4.50% range is probable."
2023-03-01,4.63,4.75,80,"Based on recent economic data, inflation remains elevated but showing signs of moderation. Labor market is tight with low unemployment. GDP growth is positive but moderate. The Fed has been aggressive in raising rates to combat inflation. A 25 basis point increase to 4.75% seems likely to continue tightening while monitoring economic impacts."
2023-04-01,4.88,4.75,80,"Given persistent inflation, tight labor market, and moderate GDP growth, the Fed is likely to continue its tightening cycle. Recent economic data shows inflation remains above target, unemployment is low, and wage growth is steady. However, banking sector stress may cause the Fed to be slightly more cautious, leading to a 25 basis point hike rather than 50."
2023-05-01,4.88,5.0,80,"Based on recent economic data, the Fed is likely to continue its tightening cycle. Inflation remains above target, though showing signs of moderation. Labor market remains tight with low unemployment. GDP growth is positive but moderate. The Fed may opt for a 25 basis point hike to balance inflation concerns with economic growth."
2023-06-01,5.13,5.25,80,"Given persistent inflation (CPI and PCE above 2% target), tight labor market (low unemployment, strong wage growth), and slowing but positive GDP growth, the Fed is likely to maintain its current restrictive stance. The most recent rate was 5-5.25%, and economic data doesn't suggest a need for further tightening or easing on June 1, 2023."
2023-07-01,5.13,5.25,80,"Based on recent economic data, inflation remains elevated but is showing signs of moderation. Labor market remains tight with low unemployment. The Fed has been aggressive in rate hikes, and is likely to maintain the current rate to continue combating inflation while monitoring economic impacts. The 5.25% rate balances inflation control with avoiding excessive economic tightening."
2023-08-01,5.38,5.25,80,"Based on recent economic data, the Fed is likely to maintain the current rate. Inflation remains above target but is moderating. Labor market is strong with low unemployment. GDP growth is positive. The Fed may pause to assess the impact of previous rate hikes before considering further increases."
2023-09-01,5.38,5.5,80,"Given persistent inflation above target, low unemployment, and continued economic growth, the Fed is likely to maintain its hawkish stance. Recent data shows inflation moderating but still elevated, suggesting another 25 basis point hike to 5.50% to ensure price stability while balancing growth concerns."
2023-10-01,5.38,5.5,80,"Recent economic data shows persistent inflation above target, low unemployment, and moderate GDP growth. The Fed has maintained a hawkish stance to combat inflation. Given the economic strength and inflation concerns, a 25 basis point increase to 5.50% is likely to further tighten monetary policy."
2023-11-01,5.38,5.5,80,"Based on recent economic data, inflation remains above the Fed's 2% target, though showing signs of moderation. Labor market remains tight with low unemployment. GDP growth is positive. The Fed is likely to maintain its restrictive stance to ensure inflation continues to decline, possibly with one more 25 basis point hike."
2023-12-01,5.38,5.5,80,"Recent data shows persistent inflation above target, tight labor market with low unemployment, and moderate GDP growth. The Fed has maintained a hawkish stance to combat inflation. Given these factors, the FOMC is likely to keep rates steady or potentially increase by 25 basis points to 5.50% to ensure inflation continues trending downward."
2024-01-01,5.38,5.5,75,"Based on recent economic data, inflation remains above target but is moderating. Labor market is tight with low unemployment. GDP growth is positive. The Fed may maintain current rates to ensure inflation continues downward trajectory while monitoring for economic slowdown risks."
2024-02-01,5.38,5.25,80,"Based on recent economic data, inflation remains above the Fed's 2% target but is moderating. Employment is strong with low unemployment. GDP growth is positive but slowing. The Fed will likely maintain the current rate to balance inflation control with economic stability."
2024-03-01,5.38,5.25,80,"Based on recent economic data, inflation remains above the Fed's 2% target, but is moderating. Unemployment is low at 3.9%. GDP growth is positive but slowing. The Fed is likely to maintain its current rate to ensure inflation continues to decline without tipping the economy into recession."
2024-04-01,5.38,5.25,75,"Based on recent economic data, inflation remains above the Fed's 2% target, but is showing signs of moderation. Unemployment is low at 3.9%. GDP growth is positive but moderate. The Fed is likely to maintain its current rate to ensure inflation continues to cool without risking economic growth."
2024-05-01,5.38,5.25,75,"Based on recent economic data, inflation remains above the 2% target but is moderating. Unemployment is low and GDP growth is steady. The Fed may maintain the current rate to ensure inflation continues to decline without risking economic growth. However, future adjustments will depend on incoming data."
2024-06-01,5.38,5.0,70,"Based on recent economic data, inflation appears to be moderating but remains above the Fed's 2% target. Labor market remains tight with low unemployment. GDP growth is positive but moderate. The Fed may maintain current rates or make a small cut to support growth while ensuring inflation continues to decline."
2024-07-01,5.38,5.25,70,"Based on recent economic data, inflation remains above the Fed's 2% target, but is showing signs of moderation. Employment remains strong with low unemployment. The Fed is likely to maintain its current rate to ensure inflation continues to decline without risking economic growth."
2024-08-01,5.38,5.5,75,"Based on recent economic data, inflation remains above target, unemployment is low, and GDP growth is moderate. The Fed may maintain a slightly restrictive stance to ensure inflation continues trending downward. However, they'll likely avoid further hikes unless inflation resurges, balancing inflation control with economic stability."
2024-09-01,5.38,5.0,70,"Based on recent economic data, inflation appears to be moderating but remains above the Fed's 2% target. Labor market remains tight with low unemployment. GDP growth is steady. The Fed may maintain a slightly restrictive policy stance but could consider a small rate cut if inflation continues to ease towards target."
2024-10-01,4.88,4.75,70,"Based on recent economic data, inflation appears to be moderating but remains above the Fed's 2% target. Labor market remains tight with low unemployment. GDP growth is positive but slowing. The Fed may maintain a slightly restrictive policy stance to ensure inflation continues downward, but could begin easing if economic growth weakens further."
2024-11-01,4.88,5.25,75,"Based on recent economic data, inflation remains above target but is moderating. Unemployment is low and GDP growth is positive. The Fed is likely to maintain its current rate to ensure inflation continues to decline without risking economic growth. However, they may consider cuts if inflation falls more rapidly or economic indicators weaken."
2024-12-01,4.63,5.0,75,"Based on recent economic data, inflation appears to be moderating while unemployment remains low. The Fed may consider a slight rate cut to support economic growth, but will likely maintain a cautious stance given persistent core inflation and strong labor market conditions. The predicted rate reflects a potential 25 basis point reduction from current levels."
2025-01-01,4.38,4.75,70,"Based on recent economic data, inflation appears to be moderating but remains above the Fed's 2% target. Labor market remains tight with low unemployment. GDP growth is positive but moderate. The Fed may maintain a slightly restrictive policy stance to ensure inflation continues trending downward, while balancing risks to economic growth."
2025-02-01,4.38,4.75,70,"Based on recent economic data, inflation is moderating but remains above target. Unemployment is low and GDP growth is steady. The Fed may maintain a slightly restrictive policy stance to ensure inflation continues trending downward, while balancing risks to economic growth."
2025-03-01,4.38,4.75,70,"Based on recent economic data, inflation appears to be moderating but still above target. Unemployment remains low and economic growth is steady. The Fed may cautiously lower rates from current levels to support growth while ensuring inflation continues to decline towards its 2% target."
